Classe;Navio;Bandeira;Nav;Cheg/Arrival;Carimbo;Agência;Operaç;Mercadoria;DUV;Prioridade;Terminal;Com/Len;Cal/Draft;Peso;Viagem
LIQUIDO A GRANEL;T JUNGFRAU;ILHAS MARSHALL;Long;31/5/22 8:00;2096-6;NORTH STAR SUDESTE SERVICOS MARITIMOS LTDA-EPP;DESC;GASOLINA COMUM;218692022;B;ALAMOA;195;8;3290;2240-0
LIQUIDO A GRANEL;STOLT BOBCAT;LIBERIANA;Long;28/6/22 0:50;2499-6;UNIMAR AGENCIAMENTOS MARITIMOS LTDA;EMB;GRAN.LIQUIDO NAO ESPECIF;258822022;B;ALA.-I.B.;155;8;850;2606-4
LIQUIDO A GRANEL;FLUMAR BRASIL;BRASILEIRA;Cabo;29/6/22 6:28;2516-0;CONE SUL AGENCIA DE NAVEGAÇÃO S/C LTDA.;DESC;OLEO LUBRIFICANTE;246002022;B;ALAMOA;183;9;5000;2366-3
LIQUIDO A GRANEL;MAERSK KALEA;SINGAPURENSE;Cabo;6/7/22 15:00;2634-4;CONE SUL AGENCIA DE NAVEGAÇÃO S/C LTDA.;EMB;OLEO DIESEL;278842022;B;ALAMOA;174;10.2;25000;2670-4
LIQUIDO A GRANEL;ROMOE MAERSK;DINAMARQUESA;Cabo;7/7/22 2:30;2641-7;CONE SUL AGENCIA DE NAVEGAÇÃO S/C LTDA.;EMB;OLEO DIESEL;287082022;B;ALAMOA;171;9.5;20000;2784-0
LIQUIDO A GRANEL;MARLIN AZURITE;ILHAS MARSHALL;Long;7/7/22 9:00;2643-3;ISS MARINE SERVICES LTDA.;DESC;OLEO DIESEL;271802022;B;ALAMOA;183;8.7;27250;2761-0
LIQUIDO A GRANEL;SOUTHERN QUOKKA;LIBERIANA;Long;8/7/22 9:00;2660-3;AMART SERVICES CONSULT AG MARITIMO E TRANSP LTDA;EMB;PRODUTOS QUIMICOS;282692022;B;ALAMOA;157;6;20145;2759-5
LIQUIDO A GRANEL;ANITA GARIBALDI;BRASILEIRA;Cabo;8/7/22 17:35;2671-9;CONE SUL AGENCIA DE NAVEGAÇÃO S/C LTDA.;EMB;OLEO COMBUSTIVEL;291262022;B;ALAMOA;228;11;60000;2828-7
LIQUIDO A GRANEL;HAFNIA AXINITE;ILHAS MARSHALL;Long;9/7/22 7:40;2683-2;NORTH STAR SUDESTE SERVICOS MARITIMOS LTDA-EPP;EMB;PRODUTOS QUIMICOS;272632022;B;ALAMOA;184;7.9;3675;2795-1
LIQUIDO A GRANEL;SAKURA BELLE;PANAMENHA;Long;9/7/22 8:00;2678-6;WAYPOINT AGENCIA MARITIMA LTDA;DESC;GRAN.LIQUIDO NAO ESPECIF;281422022;B;ALAMOA;170;8.5;12000;2735-9
LIQUIDO A GRANEL;AMAZON VICTORY;GREGA;Cabo;9/7/22 17:00;2686-7;CONE SUL AGENCIA DE NAVEGAÇÃO S/C LTDA.;EMB;OLEO COMBUSTIVEL;291412022;B;ALAMOA;228;10;62000;2827--
LIQUIDO A GRANEL;GOBY;VIETINAMITA;Long;10/7/22 16:15;2698--;RENASCIMENTO AGENCIAMENTOS & SHIPPING SERVICES LTDA;EMB;ETHANOL;280612022;SP;ALA.-I.B.;146;7;3230;2760-3
LIQUIDO A GRANEL;ALESSANDRO VOLTA;ITALIANA;Cabo;12/7/22 0:00;;CONE SUL AGENCIA DE NAVEGAÇÃO S/C LTDA.;DESC;GAS LIQUEFEITO;278532022;B;ALAMOA;180;6.7;17000;2671--
LIQUIDO A GRANEL;CUMBIA 1;ILHAS MARSHALL;Cabo;12/7/22 0:00;;CONE SUL AGENCIA DE NAVEGAÇÃO S/C LTDA.;EMB;OLEO COMBUSTIVEL;250542022;B;ALAMOA;183;10;25000;2412-5
LIQUIDO A GRANEL;ENDLESS SUMMER;ILHAS MARSHALL;Cabo;12/7/22 0:00;;CONE SUL AGENCIA DE NAVEGAÇÃO S/C LTDA.;EMB;GASOLINA COMUM;296722022;B;ALAMOA;183;7;25000;2878-4
LIQUIDO A GRANEL;ENDLESS SUMMER;ILHAS MARSHALL;Cabo;12/7/22 0:00;;CONE SUL AGENCIA DE NAVEGAÇÃO S/C LTDA.;EMB;GASOLINA COMUM;193912022;B;ALAMOA;183;7;29000;1836-6
LIQUIDO A GRANEL;FLUMAR BRASIL;BRASILEIRA;Cabo;12/7/22 0:00;;CONE SUL AGENCIA DE NAVEGAÇÃO S/C LTDA.;EMB;GASOLINA COMUM;188202022;B;ALAMOA;183;9;25000;1762-2
LIQUIDO A GRANEL;JORGE AMADO;BRASILEIRA;Cabo;12/7/22 0:00;;CONE SUL AGENCIA DE NAVEGAÇÃO S/C LTDA.;EMB;GASOLINA COMUM;80222022;B;ALAMOA;100;5;2000;0725-6
LIQUIDO A GRANEL;JOSÉ ALENCAR;BRASILEIRA;Cabo;12/7/22 0:00;;CONE SUL AGENCIA DE NAVEGAÇÃO S/C LTDA.;EMB;GASOLINA COMUM;194802022;B;ALAMOA;183;9;15000;1840-3
LIQUIDO A GRANEL;NAVE ORBIT;LIBERIANA;Cabo;12/7/22 0:00;;CONE SUL AGENCIA DE NAVEGAÇÃO S/C LTDA.;EMB;GASOLINA COMUM;263572022;B;ALAMOA;183;7.5;20625;2512-0
LIQUIDO A GRANEL;NAVE ORBIT;LIBERIANA;Cabo;12/7/22 0:00;;CONE SUL AGENCIA DE NAVEGAÇÃO S/C LTDA.;EMB;GASOLINA COMUM;98952022;B;ALAMOA;183;7.5;45000;0946-2
LIQUIDO A GRANEL;OCEAN VENTURE;LIBERIANA;Cabo;12/7/22 0:00;;CONE SUL AGENCIA DE NAVEGAÇÃO S/C LTDA.;EMB;OLEO COMBUSTIVEL;287012022;B;ALAMOA;183;10;23000;2783-3
LIQUIDO A GRANEL;PACCHA;ILHAS MARSHALL;Cabo;12/7/22 0:00;;CONE SUL AGENCIA DE NAVEGAÇÃO S/C LTDA.;EMB;OLEO DIESEL;191332022;B;ALAMOA;189;7.5;25000;1801-8
LIQUIDO A GRANEL;PINE MEADOW;ILHAS MARSHALL;Cabo;12/7/22 0:00;;CONE SUL AGENCIA DE NAVEGAÇÃO S/C LTDA.;EMB;GASOLINA COMUM;267892022;B;ALAMOA;183;7;25000;2556-7
LIQUIDO A GRANEL;ROBERT MAERSK;DINAMARQUESA;Cabo;12/7/22 0:00;;CONE SUL AGENCIA DE NAVEGAÇÃO S/C LTDA.;EMB;GASOLINA COMUM;295752022;B;ALAMOA;171;7.5;20000;2865-0
LIQUIDO A GRANEL;ROMULO ALMEIDA;BRASILEIRA;Cabo;12/7/22 0:00;;CONE SUL AGENCIA DE NAVEGAÇÃO S/C LTDA.;EMB;GASOLINA COMUM;291132022;B;ALAMOA;183;10.5;20000;2826-4
LIQUIDO A GRANEL;RUBY - T;MALTESA;Long;12/7/22 0:00;;ROCHAMAR AGENCIA MARITIMA S/A;DESC;GRAN.LIQUIDO NAO ESPECIF;282092022;B;ILHA;157;9;10082;2754-3
LIQUIDO A GRANEL;SALSA;ILHAS MARSHALL;Cabo;12/7/22 0:00;;CONE SUL AGENCIA DE NAVEGAÇÃO S/C LTDA.;EMB;GASOLINA COMUM;62672022;B;ALAMOA;180;7;9300;1824-8
LIQUIDO A GRANEL;STANLEY PARK;REINO UNIDO;Long;12/7/22 0:00;;ROCHAMAR AGENCIA MARITIMA S/A;EMB;GRAN.LIQUIDO NAO ESPECIF;283852022;B;AGEO(ILHA);146;9;4025;2758-9
LIQUIDO A GRANEL;JBU SAPPHIRE;COREANA;Long;12/7/22 22:00;;UNIMAR AGENCIAMENTOS MARITIMOS LTDA;DESC;GRAN.LIQUIDO NAO ESPECIF;285592022;B;ILHA;141;9.7;5186;2800-5
LIQUIDO A GRANEL;SARV SHAKTI;ILHAS MARSHALL;Long;14/7/22 0:00;;ISS MARINE SERVICES LTDA.;DESC;GRAN.LIQUIDO NAO ESPECIF;289802022;B;ALAMOA;226;11;45;2866-6
LIQUIDO A GRANEL;ORANGE STAR;LIBERIANA;Long;14/7/22 1:00;;LACHMANN AGENCIA MARITIMA LTDA;EMB;SUCOS CITRICOS A GRANEL;281942022;B;CUTRALE;190;7;32000;2765-5
LIQUIDO A GRANEL;TORM KANSAS;DINAMARQUESA;Long;14/7/22 12:00;;CONE SUL AGENCIA DE NAVEGAÇÃO S/C LTDA.;EMB;GASOLINA COMUM;293102022;B;ALAMOA;183;9.5;20000;2836-0
LIQUIDO A GRANEL;ALKAIOS;LIBERIANA;Long;15/7/22 12:00;;LBH BRASIL AG MARITIMO LTDA;DESC;GRAN.LIQUIDO NAO ESPECIF;283652022;B;ILHA;183;7;41586;2853-1
LIQUIDO A GRANEL;PS ROMA;ITALIANA;Long;16/7/22 0:00;;NORTH STAR SUDESTE SERVICOS MARITIMOS LTDA-EPP;DESC;GRAN.LIQUIDO NAO ESPECIF;298642022;B;ILHA;183;8;19533;2882-1
LIQUIDO A GRANEL;PREMIUM DO BRASIL;LIBERIANA;Long;16/7/22 8:00;;RELIANCE AGENCIAMENTO E SERVICOS PORTUARIOS LTDA.;EMB;SUCOS CITRICOS A GRANEL;288712022;B;29;205;10.5;30249;2835-3
LIQUIDO A GRANEL;FAIRCHEM ANGEL;ILHAS MARSHALL;Long;16/7/22 12:00;;LBH BRASIL AG MARITIMO LTDA;DESC;GRAN.LIQUIDO NAO ESPECIF;290272022;B;ALAMOA;160;8.9;2932;2858-3
LIQUIDO A GRANEL;FLUMAR MACEIO;BRASILEIRA;Cabo;17/7/22 6:00;;AGENCIA MARITIMA GRANEL LTDA.;EMB;GRAN.LIQUIDO NAO ESPECIF;289972022;B;ILHA;144;7;4000;2922-3
LIQUIDO A GRANEL;SC TAURUS;HONG KONG;Long;18/7/22 6:00;;AGENCIA MARITIMA GRANEL LTDA.;DESC;GRAN.LIQUIDO NAO ESPECIF;294842022;B;ALA.-I.B.-DOW;183;8;9690;2883-8
LIQUIDO A GRANEL;BOW OCEANIC;ILHAS MARSHALL;Cabo;19/7/22 6:00;;AGENCIA MARITIMA GRANEL LTDA.;EMB;GRAN.LIQUIDO NAO ESPECIF;295302022;B;ALA.-I.B.-DOW;142;8;1900;2894-0
LIQUIDO A GRANEL;SAGAMI;PANAMENHA;Long;19/7/22 6:00;;AGENCIA MARITIMA GRANEL LTDA.;DESC;GRAN.LIQUIDO NAO ESPECIF;302272022;B;ALA.-I.B.;170;8;5667;2923-0
TRIGO;TRAMMO INDEPENDENT;LIBERIANA;Long;14/7/22 0:00;;FERTIMPORT S/A.;DESC;TRIGO A GRANEL;295272022;B;29/30;180;5.5;37500;2921-7
TRIGO;ASL CRYSTAL;ILHAS MARSHALL;Long;16/7/22 0:00;;FERTIMPORT S/A.;DESC;TRIGO A GRANEL;294252022;B;29/30;180;5.5;33000;2877-8
GRANEIS DE ORIGEM VEGETAL;DAISY GLORY;PANAMENHA;Long;23/5/22 22:48;1977-1;CARGILL AGRICOLA S/A.;EMB;PELLETS A GRANEL;151392022;B;35/37;229;12.4;60000;1449-2
GRANEIS DE ORIGEM VEGETAL;PISTI;ILHAS MARSHALL;Long;15/6/22 13:00;2307-8;CARGILL AGRICOLA S/A.;EMB;SOJA A GRANEL;245522022;B;TIPLAM;229;13;69400;2361-1
GRANEIS DE ORIGEM VEGETAL;KRITON;ILHAS MARSHALL;Long;17/6/22 17:20;2346-9;ALPHAMAR AGÊNCIA MARÍTIMA LTDA.;EMB;MILHO A GRANEL;258592022;B;39;225;13;65400;2467-4
GRANEIS DE ORIGEM VEGETAL;TAXIDIARA;MALTESA;Long;19/6/22 1:36;2360-4;AGÊNCIA MARÍTIMA CARGONAVE (SP) LTDA.;EMB;MILHO A GRANEL;256462022;B;16/17-19;190;12.6;50000;2439--
GRANEIS DE ORIGEM VEGETAL;EVER SHINING;LIBERIANA;Long;20/6/22 23:18;2387-6;WAYPOINT AGENCIA MARITIMA LTDA;EMB;SOJA A GRANEL;260582022;B;ULTRAFERTIL;229;13.2;68000;2508-2
GRANEIS DE ORIGEM VEGETAL;LIA M;CIPRIOTA;Long;27/6/22 2:30;2486-4;CARGILL AGRICOLA S/A.;EMB;PELLETS A GRANEL;270252022;B;35/37;235;12.3;61000;2598-1
GRANEIS DE ORIGEM VEGETAL;AROUZU;PANAMENHA;Long;29/6/22 14:48;2525-9;ALPHAMAR AGÊNCIA MARÍTIMA LTDA.;EMB;SOJA A GRANEL;273162022;B;38;229;13;69300;2620-7
GRANEIS DE ORIGEM VEGETAL;WADI ALKARM;EGIPCIA;Long;29/6/22 21:10;2529-1;WAYPOINT AGENCIA MARITIMA LTDA;EMB;MILHO A GRANEL;274722022;B;16/17-19;229;13.3;65000;2629-4
GRANEIS DE ORIGEM VEGETAL;LAKE DAWN;PANAMENHA;Long;30/6/22 21:40;2543-7;ALPHAMAR AGÊNCIA MARÍTIMA LTDA.;EMB;SOJA A GRANEL;247722022;B;TGG;229;13;70018;2413-1
GRANEIS DE ORIGEM VEGETAL;LUGANO;ILHAS MARSHALL;Long;1/7/22 1:40;2545-3;AGÊNCIA MARÍTIMA ORION;EMB;MILHO A GRANEL;262382022;B;19;229;14;70000;2592-3
GRANEIS DE ORIGEM VEGETAL;KEN COLON;LIBERIANA;Long;1/7/22 4:39;2547-0;AGÊNCIA MARÍTIMA CARGONAVE (SP) LTDA.;EMB;SOJA A GRANEL;268702022;B;ULTRAFERTIL;200;13;59000;2568-5
GRANEIS DE ORIGEM VEGETAL;SEA KSANTI;SINGAPURENSE;Long;1/7/22 15:08;2564-0;ALPHAMAR AGÊNCIA MARÍTIMA LTDA.;EMB;PELLETS A GRANEL;265642022;B;35/37;200;11.7;20893;2623-6
GRANEIS DE ORIGEM VEGETAL;VOLOS;GREGA;Long;2/7/22 8:02;2558-5;ROCHAMAR AGENCIA MARITIMA S/A;EMB;SOJA A GRANEL;259032022;B;CUTRALE;229;9;65000;2474--
GRANEIS DE ORIGEM VEGETAL;TRANSCENDEN WISDOM;ILHA DE MAN;Long;4/7/22 19:11;2605--;ALPHAMAR AGÊNCIA MARÍTIMA LTDA.;EMB;PELLETS A GRANEL;276452022;B;35/37;229;13.3;19000;2647-2
GRANEIS DE ORIGEM VEGETAL;ECO;ILHAS MARSHALL;Long;5/7/22 21:18;2622--;LBH BRASIL AG MARITIMO LTDA;EMB;SOJA A GRANEL;272752022;B;39;200;11;20000;2648-9
GRANEIS DE ORIGEM VEGETAL;SAKIZAYA HERO;PANAMENHA;Long;6/7/22 3:42;2626-3;ALPHAMAR AGÊNCIA MARÍTIMA LTDA.;EMB;MILHO A GRANEL;283862022;B;TEG;229;13;70000;2762-6
GRANEIS DE ORIGEM VEGETAL;JAG ARNAV;INDIANA;Long;6/7/22 7:00;2629-8;AGÊNCIA MARÍTIMA CARGONAVE (SP) LTDA.;EMB;PELLETS A GRANEL;266662022;B;39;229;13;24200;2564-0
GRANEIS DE ORIGEM VEGETAL;BRIGHT GEMINI;PANAMENHA;Long;6/7/22 8:15;2630-1;CARGILL AGRICOLA S/A.;EMB;PELLETS A GRANEL;283472022;B;35/37;229;12.9;60000;2757-2
GRANEIS DE ORIGEM VEGETAL;LORD BYRON;ILHAS MARSHALL;Long;8/7/22 5:18;2657-3;ALPHAMAR AGÊNCIA MARÍTIMA LTDA.;EMB;SOJA A GRANEL;280512022;B;ULTRAFERTIL;229;13;60000;2725-3
GRANEIS DE ORIGEM VEGETAL;KIRAN AUSTRALIA;MALTESA;Long;8/7/22 8:00;2659-0;ALPHAMAR AGÊNCIA MARÍTIMA LTDA.;EMB;SOJA A GRANEL;276912022;B;AR.12A - BG/ITA;200;13;60000;2653-2
GRANEIS DE ORIGEM VEGETAL;ALPHA LOYALTY;MALTESA;Long;8/7/22 18:00;2672-7;ALPHAMAR AGÊNCIA MARÍTIMA LTDA.;EMB;MILHO A GRANEL;279262022;B;CUTRALE;225;11.9;59223;2772-1
GRANEIS DE ORIGEM VEGETAL;TAI SPLENDOR;PANAMENHA;Long;9/7/22 3:00;2676-0;ALPHAMAR AGÊNCIA MARÍTIMA LTDA.;EMB;SOJA A GRANEL;282652022;B;SUG.26;200;12.6;55720;2775--
GRANEIS DE ORIGEM VEGETAL;EVER MAJESTY;ILHAS MARSHALL;Long;9/7/22 5:48;2677-8;AGÊNCIA MARÍTIMA CARGONAVE (SP) LTDA.;EMB;SOJA A GRANEL;294332022;B;SUG.26;229;13;70644;2849-4
GRANEIS DE ORIGEM VEGETAL;TR INFINITY;PANAMENHA;Long;11/7/22 12:48;2708-1;WAYPOINT AGENCIA MARITIMA LTDA;EMB;MILHO A GRANEL;290462022;B;TGG;225;13;66150;2833--
GRANEIS DE ORIGEM VEGETAL;THE HOLY;PANAMENHA;Long;11/7/22 18:42;2712-0;AGÊNCIA MARÍTIMA CARGONAVE (SP) LTDA.;EMB;MILHO A GRANEL;291732022;B;16/17-19;225;13;70425;2832-4
GRANEIS DE ORIGEM VEGETAL;ADRIATICA GRAECA;CIPRIOTA;Long;12/7/22 0:00;;ROCHAMAR AGENCIA MARITIMA S/A;EMB;SOJA A GRANEL;239112022;B;39;225;9;63000;2294-2
GRANEIS DE ORIGEM VEGETAL;CSK LONGEVITY;SINGAPURENSE;Long;12/7/22 0:00;;AGÊNCIA MARÍTIMA CARGONAVE (SP) LTDA.;EMB;MILHO A GRANEL;266912022;B;20/21;225;13;33513;2543-2
GRANEIS DE ORIGEM VEGETAL;MYRA;ILHAS MARSHALL;Long;12/7/22 0:00;;FERTIMPORT S/A.;EMB;MILHO A GRANEL;282112022;B;TGG;229;10;70000;2785-6
GRANEIS DE ORIGEM VEGETAL;NAVIOS LIBRA;PANAMENHA;Long;12/7/22 0:00;;ALPHAMAR AGÊNCIA MARÍTIMA LTDA.;EMB;MILHO A GRANEL;264692022;B;CUTRALE;229;13.3;70000;2603-5
GRANEIS DE ORIGEM VEGETAL;NORD DRACO;ILHAS MARSHALL;Long;12/7/22 0:00;;FERTIMPORT S/A.;EMB;PELLETS A GRANEL;268742022;B;35/37;229;10;19389;2635-4
GRANEIS DE ORIGEM VEGETAL;STAR ANGELINA;ILHAS MARSHALL;Long;12/7/22 0:00;;FERTIMPORT S/A.;EMB;MILHO A GRANEL;282032022;B;TGG;229;10;73200;2750-8
GRANEIS DE ORIGEM VEGETAL;SUNNY BAY;SINGAPURENSE;Long;12/7/22 0:00;;AGÊNCIA MARÍTIMA CARGONAVE (SP) LTDA.;EMB;SOJA A GRANEL;283492022;B;39;200;13;20000;2755-0
GRANEIS DE ORIGEM VEGETAL;THUNDER ISLAND;PANAMENHA;Long;12/7/22 0:00;;AGÊNCIA MARÍTIMA CARGONAVE (SP) LTDA.;EMB;MILHO A GRANEL;286622022;B;38;229;13;71000;2822-9
GRANEIS DE ORIGEM VEGETAL;COSMAR;ILHAS MARSHALL;Long;12/7/22 2:30;2717--;CARGILL AGRICOLA S/A.;EMB;SOJA A GRANEL;296152022;B;ULTRAFERTIL;229;13.2;69400;2872-6
GRANEIS DE ORIGEM VEGETAL;ULTRA PANACHE;SINGAPURENSE;Long;12/7/22 8:00;;ALPHAMAR AGÊNCIA MARÍTIMA LTDA.;EMB;MILHO A GRANEL;282772022;B;TGG;225;12.3;65570;2802-8
GRANEIS DE ORIGEM VEGETAL;FORTUNA;LIBERIANA;Long;13/7/22 8:00;;ALPHAMAR AGÊNCIA MARÍTIMA LTDA.;EMB;PELLETS A GRANEL;282942022;B;35/37;229;13;60500;2804--
GRANEIS DE ORIGEM VEGETAL;ASTRAEA SB;CIPRIOTA;Long;13/7/22 12:00;;AGÊNCIA MARÍTIMA CARGONAVE (SP) LTDA.;EMB;MILHO A GRANEL;289042022;B;39;225;13;71500;2819-8
GRANEIS DE ORIGEM VEGETAL;PHOENIX;ILHAS MARSHALL;Long;14/7/22 8:00;;ALPHAMAR AGÊNCIA MARÍTIMA LTDA.;EMB;MILHO A GRANEL;290952022;B;CUTRALE;229;13;69337;2820-6
GRANEIS DE ORIGEM VEGETAL;ELLIREA;MALTESA;Long;14/7/22 10:00;;FERTIMPORT S/A.;EMB;MILHO A GRANEL;293152022;B;39;198;10;50000;2859-0
GRANEIS DE ORIGEM VEGETAL;EFRAIM A;CIPRIOTA;Long;14/7/22 18:00;;AGÊNCIA MARÍTIMA CARGONAVE (SP) LTDA.;EMB;MILHO A GRANEL;301282022;B;38;229;13;67750;2896-2
GRANEIS DE ORIGEM VEGETAL;WEN ZHU HAI;CHINESA;Long;15/7/22 8:00;;ALPHAMAR AGÊNCIA MARÍTIMA LTDA.;EMB;MILHO A GRANEL;289622022;B;TGG;225;13.7;69900;2818-1
GRANEIS DE ORIGEM VEGETAL;ANASTASIA;CIPRIOTA;Long;16/7/22 5:00;;WAYPOINT AGENCIA MARITIMA LTDA;EMB;MILHO A GRANEL;295422022;B;TGG;225;13.2;66150;2871-0
GRANEIS DE ORIGEM VEGETAL;CAPE KASOS;CIPRIOTA;Long;16/7/22 8:00;;ALPHAMAR AGÊNCIA MARÍTIMA LTDA.;EMB;MILHO A GRANEL;289792022;B;39;229;12.7;65000;2821-2
GRANEIS DE ORIGEM VEGETAL;CL BEIJING;HONG KONG;Long;16/7/22 12:00;;AGÊNCIA MARÍTIMA CARGONAVE (SP) LTDA.;EMB;MILHO A GRANEL;290682022;B;20/21;229;13;22800;2838-2
GRANEIS DE ORIGEM VEGETAL;MEGA BENEFIT;PANAMENHA;Long;17/7/22 8:00;;ALPHAMAR AGÊNCIA MARÍTIMA LTDA.;EMB;SOJA A GRANEL;295702022;B;ULTRAFERTIL;229;13.2;67615;2861-4
GRANEIS DE ORIGEM VEGETAL;SANTA REGINA;PANAMENHA;Long;18/7/22 7:00;;WILLIAMS SERVICOS MARITIMOS LTDA.;EMB;PELLETS A GRANEL;295992022;B;38;229;11;62022;2867-2
GRANEIS DE ORIGEM VEGETAL;OCEAN DOMINA;BAHAMENSE;Long;18/7/22 8:00;;ALPHAMAR AGÊNCIA MARÍTIMA LTDA.;EMB;MILHO A GRANEL;289922022;B;CUTRALE;225;13.5;69500;2844-2
GRANEIS DE ORIGEM VEGETAL;BELINDA;NORUEGUESA;Long;19/7/22 19:00;;AGENCIA MARITIMA NAABSA LTDA;EMB;MILHO A GRANEL;302472022;B;TGG;200;7;60500;2925-2
GRANEIS DE ORIGEM VEGETAL;ALPHA LEGACY;ILHAS MARSHALL;Long;20/7/22 0:00;;FERTIMPORT S/A.;EMB;PELLETS A GRANEL;291022022;B;TGG;229;10;62442;2917-0
GRANEIS DE ORIGEM VEGETAL;EVOIKOS THEO;ILHAS MARSHALL;Long;21/7/22 7:00;;AGÊNCIA MARÍTIMA ORION;EMB;MILHO A GRANEL;286782022;B;19;218;7;70000;2868-9
GRANEIS DE ORIGEM VEGETAL;SHUN TONG;SINGAPURENSE;Long;22/7/22 8:00;;ALPHAMAR AGÊNCIA MARÍTIMA LTDA.;EMB;PELLETS A GRANEL;301462022;B;35/37;229;12.7;64000;2898-5
GRANEIS DE ORIGEM VEGETAL;IOLCOS LEGACY;MALTESA;Long;24/7/22 0:00;;FERTIMPORT S/A.;EMB;MILHO A GRANEL;291112022;B;TGG;229;10;77000;2916-3
GRANEIS DE ORIGEM VEGETAL;UNITY SAKURA;BAHAMENSE;Long;27/7/22 8:00;;ALPHAMAR AGÊNCIA MARÍTIMA LTDA.;EMB;PELLETS A GRANEL;299682022;B;35/37;229;12.5;27060;2890-4
GRANEIS DE ORIGEM VEGETAL;CALIPSO;BAHAMENSE;Long;2/8/22 13:00;;AGÊNCIA MARÍTIMA ORION;EMB;SOJA A GRANEL;298272022;B;ULTRAFERTIL;225;9.5;63000;2886-7
GRANEIS SOLIDOS - IMPORTACAO;FEDERAL OAK;LIBERIANA;Long;14/6/22 1:24;2290-0;FERTIMPORT S/A.;DESC;FERTILIZANTES;238642022;B;TERMAG;200;5.5;43050;2359-7
GRANEIS SOLIDOS - IMPORTACAO;GIANTS CAUSEWAY;REINO UNIDO;Long;22/6/22 3:30;2417-1;AGÊNCIA MARÍTIMA ORION;DESC;FERTILIZANTES;232142022;B;ULTRAFERTIL;200;7;44012;2233-3
GRANEIS SOLIDOS - IMPORTACAO;FEDERAL ST LAURENT;ILHAS MARSHALL;Long;23/6/22 13:48;2443--;AGÊNCIA MARÍTIMA ORION;DESC;FERTILIZANTES;258752022;B;ULTRAFERTIL;200;8;20597;2479-2
GRANEIS SOLIDOS - IMPORTACAO;IKUCHI ISLAND;SINGAPURENSE;Long;24/6/22 6:30;2452-0;AGÊNCIA MARÍTIMA ORION;DESC;FERTILIZANTES;245292022;B;ULTRAFERTIL;180;7;23673;2355-1
GRANEIS SOLIDOS - IMPORTACAO;INDIGO LAKE;HONG KONG;Long;26/6/22 16:00;2477-5;ROCHAMAR AGENCIA MARITIMA S/A;DESC;GRAN.SOLIDO NAO ESPECIF;265002022;B;ULTRAFERTIL;180;5;29800;2539-5
GRANEIS SOLIDOS - IMPORTACAO;PEACE PEARL;PANAMENHA;Long;30/6/22 11:36;2537-2;FERTIMPORT S/A.;DESC;FERTILIZANTES;248952022;B;TERMAG-ULTR.;225;5.5;71300;2565-6
GRANEIS SOLIDOS - IMPORTACAO;GENCO PREDATOR;ILHAS MARSHALL;Long;1/7/22 10:30;2560-7;WILSON SONS S/A - COMERCIO, INDUSTRIA E AGENCIA DE NAVEGACAO;DESC;FERTILIZANTES;269762022;B;ULTRAFERTIL;190;7;40593;2628-8
GRANEIS SOLIDOS - IMPORTACAO;CIELO DI ANGRA;LUXEMBURGUESA;Long;1/7/22 16:12;2566-6;WILSON SONS S/A - COMERCIO, INDUSTRIA E AGENCIA DE NAVEGACAO;DESC;FERTILIZANTES;274532022;B;ULTRAFERTIL;180;7;37837;2627-1
GRANEIS SOLIDOS - IMPORTACAO;MYKONOS DAWN;ILHAS MARSHALL;Long;2/7/22 21:35;2574-7;AGÊNCIA MARÍTIMA ORION;DESC;FERTILIZANTES;265272022;B;TERMAG;181;7;34000;2530-8
GRANEIS SOLIDOS - IMPORTACAO;AGIA EKATERINI;ILHAS MARSHALL;Long;9/7/22 8:45;2680-8;AGÊNCIA MARÍTIMA ORION;DESC;FERTILIZANTES;273072022;B;CODESP-RUA;171;8;21232;2739-4
GRANEIS SOLIDOS - IMPORTACAO;TORRENT;CIPRIOTA;Long;9/7/22 18:00;2688-3;AGÊNCIA MARÍTIMA ORION;DESC;FERTILIZANTES;272982022;B;CODESP-RUA;185;7;19600;2743-1
GRANEIS SOLIDOS - IMPORTACAO;VITA KOUAN;CIPRIOTA;Long;9/7/22 21:24;2689-1;TRANSATLANTICA AFRETAMENTOS E SERVICOS MARITIMOS LTDA;DESC;FERTILIZANTES;283142022;B;CODESP-RUA;200;9;27427;2805-7
GRANEIS SOLIDOS - IMPORTACAO;TOKI ARROW;PANAMENHA;Long;11/7/22 5:18;2702-2;WILSON SONS S/A - COMERCIO, INDUSTRIA E AGENCIA DE NAVEGACAO;DESC;GRAN.SOLIDO NAO ESPECIF;281032022;B;CAIS SABOO;200;9;10000;2746--
GRANEIS SOLIDOS - IMPORTACAO;ATLANTIS FORTUNE;ILHAS MARSHALL;Long;11/7/22 23:30;2714-6;WILSON SONS S/A - COMERCIO, INDUSTRIA E AGENCIA DE NAVEGACAO;DESC;GRAN.SOLIDO NAO ESPECIF;271082022;B;CAIS SABOO;178;7;15000;2596-9
GRANEIS SOLIDOS - IMPORTACAO;TOMINI MISTRAL;ILHAS MARSHALL;Long;12/7/22 0:00;;AMART SERVICES CONSULT AG MARITIMO E TRANSP LTDA;DESC;FERTILIZANTES;281172022;B;ULTRAFERTIL;180;7.5;18099;2733-6
GRANEIS SOLIDOS - IMPORTACAO;KYPROS SKY;CIPRIOTA;Long;18/7/22 7:00;;WORLD SHIPPING AGENCIAMENTOS LTDA;DESC;FERTILIZANTES;299322022;B;TERMAG;225;6.4;60006;2895-6
GRANEIS SOLIDOS - IMPORTACAO;NORD COPPER;PANAMENHA;Long;19/7/22 7:00;;AGÊNCIA MARÍTIMA ORION;DESC;FERTILIZANTES;280812022;B;ULTRA.-30-31;200;7;46396;2734-2
GRANEIS SOLIDOS - IMPORTACAO;BOREAS VENTURE;MALTESA;Long;20/7/22 1:00;;AGÊNCIA MARÍTIMA ORION;DESC;FERTILIZANTES;298222022;B;CODESP-RUA;190;4;9000;2885--
GRANEIS SOLIDOS - IMPORTACAO;AFRICAN FINCH;PANAMENHA;Long;22/7/22 5:00;;AGÊNCIA MARÍTIMA ORION;DESC;FERTILIZANTES;295002022;B;CODESP-RUA;180;7;8207;2870-3
GRANEIS SOLIDOS - IMPORTACAO;LABRADOR;CIPRIOTA;Long;25/7/22 13:00;;AGÊNCIA MARÍTIMA ORION;DESC;FERTILIZANTES;298232022;B;ULTRAFERTIL;185;7;19497;2887-3
GRANEIS SOLIDOS - IMPORTACAO;AQUAGEMINI;LIBERIANA;Long;25/7/22 22:00;;UNIMAR AGENCIAMENTOS MARITIMOS LTDA;DESC;FERTILIZANTES;288282022;B;ULTRAFERTIL;198;11;44000;2892-7
GRANEIS SOLIDOS - IMPORTACAO;PMS EDELWEISS;ILHAS MARSHALL;Long;26/7/22 7:00;;AGÊNCIA MARÍTIMA ORION;DESC;FERTILIZANTES;295762022;B;TERMAG;190;7;45719;2869-5
GRANEIS SOLIDOS - IMPORTACAO;ATHINA II;GREGA;Long;3/8/22 5:00;;AGÊNCIA MARÍTIMA ORION;DESC;FERTILIZANTES;299382022;B;ULTRAFERTIL;229;9;11000;2919-2
GRANEIS SOLIDOS - EXPORTACAO;IVESTOS I;LIBERIANA;Long;18/6/22 13:24;2355-8;WAYPOINT AGENCIA MARITIMA LTDA;EMB;GRAN.SOLIDO NAO ESPECIF;242252022;B;ULTRAFERTIL;225;13.2;65000;2424-3
GRANEIS SOLIDOS - EXPORTACAO;STAR CORAL;BAHAMENSE;Long;3/7/22 17:00;2586--;ROCHAMAR AGENCIA MARITIMA S/A;EMB;ACUCAR A GRANEL;271112022;B;16/17-19;229;13;88000;2601-2
GRANEIS SOLIDOS - EXPORTACAO;MEGHNA STAR;SINGAPURENSE;Long;4/7/22 8:00;2594-1;WAYPOINT AGENCIA MARITIMA LTDA;EMB;ACUCAR A GRANEL;274752022;B;16/17;190;13;55800;2654-9
GRANEIS SOLIDOS - EXPORTACAO;LAVAUX;SUICA;Long;4/7/22 10:00;2598-4;ALPHAMAR AGÊNCIA MARÍTIMA LTDA.;EMB;ACUCAR A GRANEL;280352022;B;ULTRAFERTIL;181;9.8;33000;2724-7
GRANEIS SOLIDOS - EXPORTACAO;NAZENIN;ILHAS MARSHALL;Long;5/7/22 7:48;2617-4;ROCHAMAR AGENCIA MARITIMA S/A;EMB;ACUCAR A GRANEL;273022022;B;16/17-19;180;9;31870;2622-0
GRANEIS SOLIDOS - EXPORTACAO;FLORENTINE OETKER;LIBERIANA;Long;7/7/22 11:50;2646-8;ALPHAMAR AGÊNCIA MARÍTIMA LTDA.;EMB;ACUCAR A GRANEL;279132022;B;16/17;200;13;59000;2771-5
GRANEIS SOLIDOS - EXPORTACAO;PINDOS;BARBADOS;Long;8/7/22 0:01;2654-9;WILLIAMS SERVICOS MARITIMOS LTDA.;EMB;ACUCAR A GRANEL;286122022;B;16/17-TEAG;190;11;40000;2773-8
GRANEIS SOLIDOS - EXPORTACAO;STAR NIKE;ILHAS MARSHALL;Long;9/7/22 8:18;2679-4;ROCHAMAR AGENCIA MARITIMA S/A;EMB;ACUCAR A GRANEL;281802022;B;16/17-19;200;13;42900;2770-9
GRANEIS SOLIDOS - EXPORTACAO;ARGYROULA GS;ILHAS MARSHALL;Long;10/7/22 8:00;2695-6;AGÊNCIA MARÍTIMA CARGONAVE (SP) LTDA.;EMB;ACUCAR A GRANEL;293562022;B;16/17-19;177;13;32000;2839-9
GRANEIS SOLIDOS - EXPORTACAO;NORD AMAZON;DINAMARQUESA;Long;12/7/22 0:00;;ROCHAMAR AGENCIA MARITIMA S/A;EMB;ACUCAR A GRANEL;273432022;B;ULTRAFERTIL;200;9;57750;2626-5
GRANEIS SOLIDOS - EXPORTACAO;ROSCO LEMON;HONG KONG;Long;12/7/22 0:00;;AGÊNCIA MARÍTIMA CARGONAVE (SP) LTDA.;EMB;ACUCAR A GRANEL;280032022;B;ULTRAF - 20/21;225;13;60000;2722-4
GRANEIS SOLIDOS - EXPORTACAO;THREE SASKIAS;PANAMENHA;Long;12/7/22 6:00;2718-9;WILLIAMS SERVICOS MARITIMOS LTDA.;EMB;ACUCAR A GRANEL;295452022;B;20/21;229;11;73000;2863-7
GRANEIS SOLIDOS - EXPORTACAO;MYTHOS;ILHAS MARSHALL;Long;12/7/22 22:00;;UNIMAR AGENCIAMENTOS MARITIMOS LTDA;EMB;ACUCAR A GRANEL;287052022;B;16/17;225;14;70000;2825-8
GRANEIS SOLIDOS - EXPORTACAO;SOTIRIA;LIBERIANA;Long;13/7/22 18:00;;AGÊNCIA MARÍTIMA CARGONAVE (SP) LTDA.;EMB;ACUCAR A GRANEL;294662022;B;16/17-19;225;13;59999;2857-7
GRANEIS SOLIDOS - EXPORTACAO;ARINAGA;LIBERIANA;Long;14/7/22 7:00;;WILLIAMS SERVICOS MARITIMOS LTDA.;EMB;ACUCAR A GRANEL;295642022;B;ULTRAF.-TEG;200;11;61100;2884-4
GRANEIS SOLIDOS - EXPORTACAO;OCEAN ZENON;MALTESA;Long;14/7/22 7:00;;WORLD SHIPPING AGENCIAMENTOS LTDA;EMB;ACUCAR A GRANEL;299982022;B;16/17;225;14.1;71500;2888-0
GRANEIS SOLIDOS - EXPORTACAO;AEOLIAN;LIBERIANA;Long;14/7/22 10:00;;ROCHAMAR AGENCIA MARITIMA S/A;EMB;GRAN.SOLIDO NAO ESPECIF;294542022;B;39;229;9;26000;2848-8
GRANEIS SOLIDOS - EXPORTACAO;ALPHA CHARM;GREGA;Long;14/7/22 13:00;;WORLD SHIPPING AGENCIAMENTOS LTDA;EMB;ACUCAR A GRANEL;300112022;B;16/17;229;13.9;75000;2889-6
GRANEIS SOLIDOS - EXPORTACAO;RUBY INDAH;SINGAPURENSE;Long;15/7/22 5:00;;WAYPOINT AGENCIA MARITIMA LTDA;EMB;ACUCAR A GRANEL;290602022;B;16/17;229;12.9;75000;2823-5
GRANEIS SOLIDOS - EXPORTACAO;TIAN MU SHAN;ILHAS MARSHALL;Long;15/7/22 7:00;;WILLIAMS SERVICOS MARITIMOS LTDA.;EMB;ACUCAR A GRANEL;295312022;B;20/21;200;11;61200;2862--
GRANEIS SOLIDOS - EXPORTACAO;YIANNIS B;LIBERIANA;Long;16/7/22 7:00;;WILLIAMS SERVICOS MARITIMOS LTDA.;EMB;ACUCAR A GRANEL;283482022;B;20/21;229;11;75736;2756-6
GRANEIS SOLIDOS - EXPORTACAO;BABITONGA;PANAMENHA;Long;17/7/22 7:00;;WILLIAMS SERVICOS MARITIMOS LTDA.;EMB;ACUCAR A GRANEL;295962022;B;20/21;229;11;75500;2864-3
GRANEIS SOLIDOS - EXPORTACAO;APOLLON;LIBERIANA;Long;17/7/22 18:00;;AGÊNCIA MARÍTIMA CARGONAVE (SP) LTDA.;EMB;ACUCAR A GRANEL;302572022;B;20/21;225;13;28555;2924-6
GRANEIS SOLIDOS - EXPORTACAO;MEDI SERAPO;LIBERIANA;Long;18/7/22 5:00;;ROCHAMAR AGENCIA MARITIMA S/A;EMB;ACUCAR A GRANEL;289452022;B;16/17-19;228;9;83000;2824-1
GRANEIS SOLIDOS - EXPORTACAO;DARYA PREETI;ILHAS MARSHALL;Long;20/7/22 7:00;;WILLIAMS SERVICOS MARITIMOS LTDA.;EMB;ACUCAR A GRANEL;302102022;B;20/21;229;11;72621;2918-6
GRANEIS SOLIDOS - EXPORTACAO;YANGZE 7;LIBERIANA;Long;23/7/22 8:00;;ALPHAMAR AGÊNCIA MARÍTIMA LTDA.;EMB;ACUCAR A GRANEL;299502022;B;CUTRALE;200;13.3;60163;2897-9
ROLL-IN-ROLL-OFF;SHANGHAI HIGHWAY;PANAMENHA;Long;10/7/22 8:00;2694-8;UNIMAR AGENCIAMENTOS MARITIMOS LTDA;EMB;VEICULO;286792022;B;TEVI;180;9.4;3254;2797-4
ROLL-IN-ROLL-OFF;GRANDE ANGOLA;ITALIANA;Long;12/7/22 0:00;;LACHMANN AGENCIA MARITIMA LTDA;EMB;VEICULOS/VRS/CCS.RO-RO;251272022;B;CAIS SABOO;211;7;100;2752--
ROLL-IN-ROLL-OFF;MARVELOUS ACE;JAPONESA;Long;17/7/22 5:00;;ROCHAMAR AGENCIA MARITIMA S/A;EMB;VEICULOS/VRS/CCS.RO-RO;275662022;B;TEVI;200;7;100;2631-9
ROLL-IN-ROLL-OFF;OPAL LEADER;BAHAMENSE;Long;18/7/22 1:00;;LACHMANN AGENCIA MARITIMA LTDA;EMB;VEICULOS/VRS/CCS.RO-RO;236292022;B;TEVI;176;9;2500;2909-7
ROLL-IN-ROLL-OFF;GRAND DUKE;PANAMENHA;Long;19/7/22 1:00;;LACHMANN AGENCIA MARITIMA LTDA;EMB;VEICULOS/VRS/CCS.RO-RO;291752022;B;TEVI;200;9;100;2907-4
ROLL-IN-ROLL-OFF;BRILLIANT ACE;PANAMENHA;Long;20/7/22 10:00;;ROCHAMAR AGENCIA MARITIMA S/A;EMB;VEICULOS/VRS/CCS.RO-RO;280902022;B;TEVI;200;9;100;2727-6
ROLL-IN-ROLL-OFF;FLORIDA HIGHWAY;PANAMENHA;Long;21/7/22 22:00;;UNIMAR AGENCIAMENTOS MARITIMOS LTDA;EMB;VEICULO;293022022;B;TEVI;200;10;2421;2842-0
ROLL-IN-ROLL-OFF;GLOVIS SKY;ILHAS MARSHALL;Long;25/7/22 0:00;;GLS BRASIL SERVICOS MARITIMOS;EMB;VEICULOS/VRS/CCS.RO-RO;276362022;B;TEVI;230;9.1;5000;2879--
ROLL-IN-ROLL-OFF;OPAL LEADER;BAHAMENSE;Long;31/7/22 1:00;;LACHMANN AGENCIA MARITIMA LTDA;EMB;VEICULOS/VRS/CCS.RO-RO;253792022;B;TEVI;176;9;100;2926-9
LASH;C TEMPORAL;BRASILEIRA;Long;12/7/22 0:00;;UNIMAR AGENCIAMENTOS MARITIMOS LTDA;EMB;CARGA GERAL;241002022;B;CODESP-RUA;17;1.8;1;2314-3
LASH;M AVEIRO;BRASILEIRA;Long;12/7/22 0:00;;UNIMAR AGENCIAMENTOS MARITIMOS LTDA;EMB;CARGA GERAL;286192022;B;CODESP-RUA;31;3;1;2782-7
LASH;PARCEIRO DO MAR;BRASILEIRA;Cabo;12/7/22 0:00;;UNIMAR AGENCIAMENTOS MARITIMOS LTDA;EMB;CARGA GERAL;293432022;B;CODESP-RUA;22;1.7;1;2850-2
CABOTAGEM;ATLANTIC;HOLANDESA;Long;11/7/22 11:00;2711-1;OCEAN WORLD SHIPPING - AG MAR E OPER PORT. LTDA-EPP;EMB;CARGA GERAL;291122022;B;CODESP-TECONDI;105;6.1;1288;2834-7
CABOTAGEM;TUJU ARROW;BAHAMENSE;Long;22/7/22 13:00;;WILSON SONS S/A - COMERCIO, INDUSTRIA E AGENCIA DE NAVEGACAO;EMB;PAPEL E CELULOSE;280792022;B;EPORT 1/TECON 1;225;7;1006;2731-3
CONTEINERES;CMA CGM FORT ST GEORGES;BRASILEIRA;Long;4/7/22 5:53;2592-5;LACHMANN AGENCIA MARITIMA LTDA;EMB;CONTEINERES CHEIOS;269332022;B;TECON;197;9;3600;2616-0
CONTEINERES;CHIPOL GUANGAN;LIBERIANA;Long;8/7/22 14:40;2670--;COSCO BRASIL S/A;EMB;CONTEINERES CHEIOS;279962022;B;TECONDI;166;7.5;2700;2741-9
CONTEINERES;AGIOS DIMITRIOS;LIBERIANA;Long;12/7/22 0:00;;MSC MEDITERRANEAN SHIPPING DO BRASIL LTDA.;EMB;CONTEINERES CHEIOS;201832022;B;B.T.P. 1;299;9.5;1800;1897-5
CONTEINERES;CAP SAN MALEAS;PANAMENHA;Long;12/7/22 0:00;;LACHMANN AGENCIA MARITIMA LTDA;EMB;CONTEINERES CHEIOS;279472022;B;B.T.P. 1;333;9;1800;2685-1
CONTEINERES;CMA CGM RIO GRANDE;MALTESA;Long;12/7/22 0:00;;LACHMANN AGENCIA MARITIMA LTDA;EMB;CONTEINERES CHEIOS;224382022;B;B.T.P. 1;300;9;1800;2791-6
CONTEINERES;COSCO SHIPPING GLORY;HONG KONG;Long;12/7/22 0:00;;COSCO BRASIL S/A;EMB;CONTEINERES VAZIOS;200352022;B;TECON;202;11;280;1889-2
CONTEINERES;COSCO SHIPPING HARMONY;HONG KONG;Long;12/7/22 0:00;;COSCO BRASIL S/A;EMB;CONTEINERES VAZIOS;276002022;B;TECON;202;13.3;333;2643-7
CONTEINERES;COSCO SHIPPING RHINE;HONG KONG;Long;12/7/22 0:00;;COSCO BRASIL S/A;EMB;CONTEINERES CHEIOS;280382022;B;EPORT 1/TECON 1;300;12.6;8100;2719-3
CONTEINERES;COSCO SHIPPING XING WANG;CHINESA;Long;12/7/22 0:00;;ZIM DO BRASIL LTDA.;DESC;CONTEINERES CHEIOS;67322022;B;TECON;202;11;3888;0609-6
CONTEINERES;DUBLIN EXPRESS;BERMUDAS;Long;12/7/22 0:00;;ROCHAMAR AGENCIA MARITIMA S/A;EMB;CONTEINERES CHEIOS;276862022;B;TECON;281;10;16956;2646-6
CONTEINERES;EXPRESS FRANCE;MALTESA;Long;12/7/22 0:00;;LACHMANN AGENCIA MARITIMA LTDA;EMB;CONTEINERES CHEIOS;219292022;B;EPORT 1/TECON 1;223;9;1800;2099-5
CONTEINERES;EXPRESS FRANCE;MALTESA;Long;12/7/22 0:00;;LACHMANN AGENCIA MARITIMA LTDA;EMB;CONTEINERES CHEIOS;219332022;B;EPORT 1/TECON 1;223;9;1800;2580-5
CONTEINERES;GREAT ZHOU;PANAMENHA;Long;12/7/22 0:00;;COSCO BRASIL S/A;EMB;CONTEINERES CHEIOS;276352022;B;TECON;200;7;3600;2634-8
CONTEINERES;GSL MELINA;LIBERIANA;Long;12/7/22 0:00;;LACHMANN AGENCIA MARITIMA LTDA;EMB;CONTEINERES CHEIOS;251892022;B;TECON;228;9;1800;2423-7
CONTEINERES;GSL MELINA;LIBERIANA;Long;12/7/22 0:00;;LACHMANN AGENCIA MARITIMA LTDA;EMB;CONTEINERES CHEIOS;251902022;B;TECON;228;9;1800;2493-5
CONTEINERES;GSL MELINA;LIBERIANA;Long;12/7/22 0:00;;LACHMANN AGENCIA MARITIMA LTDA;EMB;CONTEINERES CHEIOS;251932022;B;TECON;228;9;1800;2798--
CONTEINERES;HUNGARY;MALTESA;Long;12/7/22 0:00;;ROCHAMAR AGENCIA MARITIMA S/A;EMB;CONTEINERES CHEIOS;249302022;B;B.T.P. 1;300;7;17370;2393--
CONTEINERES;HYUNDAI SHANGHAI;CIPRIOTA;Long;12/7/22 0:00;;UNIMAR AGENCIAMENTOS MARITIMOS LTDA;EMB;CONTEINERES CHEIOS;282992022;B;EPORT 1/TECON 1;304;12.5;14400;2780-4
CONTEINERES;KURE;LIBERIANA;Long;12/7/22 0:00;;COSCO BRASIL S/A;EMB;CONTEINERES CHEIOS;288782022;B;TECON;318;12.6;8100;2799-7
CONTEINERES;MONTE PASCOAL;SINGAPURENSE;Long;12/7/22 0:00;;LACHMANN AGENCIA MARITIMA LTDA;EMB;CONTEINERES CHEIOS;252652022;B;B.T.P. / TECON;272;9;1800;2708-1
CONTEINERES;MONTE SARMIENTO;BRASILEIRA;Cabo;12/7/22 0:00;;LACHMANN AGENCIA MARITIMA LTDA;EMB;CONTEINERES CHEIOS;215582022;B;TECON;272;9;1800;2657-8
CONTEINERES;MSC AQUARIUS;CIPRIOTA;Long;12/7/22 0:00;;MSC MEDITERRANEAN SHIPPING DO BRASIL LTDA.;EMB;CONTEINERES CHEIOS;285832022;B;EPORT 1/TECON 1;284;8.2;12132;2778-0
CONTEINERES;MSC BARCELONA;LIBERIANA;Long;12/7/22 0:00;;MSC MEDITERRANEAN SHIPPING DO BRASIL LTDA.;EMB;CONTEINERES CHEIOS;256132022;B;B.T.P. 2;270;12.3;12132;2434-9
CONTEINERES;MSC BOSPHORUS;CIPRIOTA;Long;12/7/22 0:00;;MSC MEDITERRANEAN SHIPPING DO BRASIL LTDA.;EMB;CONTEINERES CHEIOS;44402022;B;B.T.P. 1;230;10.4;1800;0402-2
CONTEINERES;MSC DARDANELLES;CIPRIOTA;Long;12/7/22 0:00;;MSC MEDITERRANEAN SHIPPING DO BRASIL LTDA.;EMB;CONTEINERES CHEIOS;285842022;B;B.T.P. 1;300;13.1;15588;2790-0
CONTEINERES;MSC GISELLE;PORTUGUESA;Long;12/7/22 0:00;;MSC MEDITERRANEAN SHIPPING DO BRASIL LTDA.;EMB;CONTEINERES CHEIOS;285862022;B;B.T.P. 1;300;14.1;18000;2786-2
CONTEINERES;MSC TAVVISHI;LIBERIANA;Long;12/7/22 0:00;;MSC MEDITERRANEAN SHIPPING DO BRASIL LTDA.;EMB;CONTEINERES CHEIOS;256122022;B;B.T.P 3;278;11.5;15588;2432-6
CONTEINERES;TUCAPEL;LIBERIANA;Long;12/7/22 0:00;;ROCHAMAR AGENCIA MARITIMA SA;EMB;CONTEINERES CHEIOS;112642022;B;EPORT 1/TECON 1;300;12;1620;1056--
CONTEINERES;ZHONG YUAN HAI YUN JIN QU;CHINESA;Long;12/7/22 0:00;;COSCO BRASIL S/A;EMB;CONTEINERES CHEIOS;86872022;B;TECON;202;11;1620;0821-5
CONTEINERES;CONTSHIP KEY;LIBERIANA;Long;12/7/22 10:00;;ZIM DO BRASIL LTDA.;EMB;CONTEINERES CHEIOS;276742022;B;B.T.P. 1;148;7.4;3600;2664-4
CONTEINERES;UASC ZAMZAM;DINAMARQUESA;Long;12/7/22 10:00;;ROCHAMAR AGENCIA MARITIMA S/A;EMB;CONTEINERES CHEIOS;269302022;B;B.T.P. 1;300;10;1080;2585-7
CONTEINERES;MSC CHANNE;PORTUGUESA;Long;12/7/22 17:00;2721-9;MSC MEDITERRANEAN SHIPPING DO BRASIL LTDA.;EMB;CONTEINERES CHEIOS;268222022;B;B.T.P. 1;300;14.3;25938;2561--
CONTEINERES;MSC AJACCIO;MALTESA;Long;12/7/22 19:00;;MSC MEDITERRANEAN SHIPPING DO BRASIL LTDA.;EMB;CONTEINERES CHEIOS;285782022;B;B.T.P. 1;300;10;1800;2768-4
CONTEINERES;MERCOSUL SANTOS;BRASILEIRA;Cabo;13/7/22 0:00;;LACHMANN AGENCIA MARITIMA LTDA;EMB;CONTEINERES CHEIOS;237302022;B;EPORT 1/TECON 1;211;9;1800;2514-2
CONTEINERES;XIN CHI WAN;CHINESA;Long;13/7/22 5:00;;COSCO BRASIL S/A;EMB;CONTEINERES CHEIOS;297822022;B;TECON;280;12.5;16200;2880-9
CONTEINERES;COSCO SHIPPING PENG CHENG;CHINESA;Long;13/7/22 9:00;;ZIM DO BRASIL LTDA.;DESC;CONTEINERES CHEIOS;276672022;B;TECON;202;8;2106;2644-3
CONTEINERES;SUAPE EXPRESS;LIBERIANA;Long;13/7/22 11:00;;ROCHAMAR AGENCIA MARITIMA S/A;EMB;CONTEINERES CHEIOS;280582022;B;EPORT 1/TECON 1;293;7;1620;2718-7
CONTEINERES;LOG-IN PANTANAL;BRASILEIRA;Cabo;13/7/22 12:00;;AGÊNCIA MARÍTIMA ORION;EMB;CONTEINERES CHEIOS;240062022;B;EPORT 1/TECON 1;183;9;3600;2315-0
CONTEINERES;FERNÃO DE MAGALHÃES;BRASILEIRA;Cabo;13/7/22 22:00;;LACHMANN AGENCIA MARITIMA LTDA;EMB;CONTEINERES CHEIOS;267352022;B;TECON;228;9;1800;2656-1
CONTEINERES;MSC ATHENS;MALTESA;Long;14/7/22 2:00;;MSC MEDITERRANEAN SHIPPING DO BRASIL LTDA.;EMB;CONTEINERES CHEIOS;288462022;B;B.T.P. 1;300;13.2;18000;2793-9
CONTEINERES;MSC CATERINA;PORTUGUESA;Long;14/7/22 2:00;;MSC MEDITERRANEAN SHIPPING DO BRASIL LTDA.;EMB;CONTEINERES CHEIOS;285802022;B;B.T.P. 1;300;9.6;1800;2767-8
CONTEINERES;CAP SAN LORENZO;DINAMARQUESA;Long;14/7/22 3:00;;LACHMANN AGENCIA MARITIMA LTDA;EMB;CONTEINERES CHEIOS;251802022;B;TECON;333;9;1800;2693-4
CONTEINERES;MONTE PASCOAL;SINGAPURENSE;Long;14/7/22 5:00;;LACHMANN AGENCIA MARITIMA LTDA;EMB;CONTEINERES CHEIOS;252692022;B;B.T.P. 1;272;9;1800;2700--
CONTEINERES;HARIS;MALTESA;Long;14/7/22 9:00;;LACHMANN AGENCIA MARITIMA LTDA;EMB;CONTEINERES CHEIOS;253072022;B;EPORT 1/TECON 1;185;9;1800;2715-8
CONTEINERES;MAERSK BERMUDA;SINGAPURENSE;Long;15/7/22 8:00;;LACHMANN AGENCIA MARITIMA LTDA;EMB;CONTEINERES CHEIOS;251992022;B;TECON;195;8.5;1800;2691-1
CONTEINERES;MH HAMBURG;ILHAS MARSHALL;Long;15/7/22 12:00;;MSC MEDITERRANEAN SHIPPING DO BRASIL LTDA.;EMB;CONTEINERES CHEIOS;285812022;B;B.T.P. 1;293;10.1;1800;2789-1
CONTEINERES;MAERSK LABREA;HONG KONG;Long;16/7/22 8:00;;LACHMANN AGENCIA MARITIMA LTDA;EMB;CONTEINERES CHEIOS;252082022;B;B.T.P. 1;300;9;1800;2706-9
CONTEINERES;MSC SARA ELENA;PORTUGUESA;Long;16/7/22 23:00;;MSC MEDITERRANEAN SHIPPING DO BRASIL LTDA.;EMB;CONTEINERES CHEIOS;285822022;B;B.T.P. 1;300;13.8;27000;2787-9
CONTEINERES;MONTE ALEGRE;SINGAPURENSE;Long;17/7/22 2:00;;LACHMANN AGENCIA MARITIMA LTDA;EMB;CONTEINERES CHEIOS;252472022;B;TECON;272;9;1800;2688--
CONTEINERES;HELLA;PORTUGUESA;Long;17/7/22 5:00;;ROCHAMAR AGENCIA MARITIMA S/A;EMB;CONTEINERES CHEIOS;289852022;B;EPORT 1/TECON 1;275;7;18666;2806-3
CONTEINERES;MSC BARBARA;PANAMENHA;Long;17/7/22 9:00;;MSC MEDITERRANEAN SHIPPING DO BRASIL LTDA.;EMB;CONTEINERES CHEIOS;285852022;B;B.T.P. 1;304;13.5;12600;2788-5
CONTEINERES;NORTHERN DELEGATION;ANTIGUANA;Long;17/7/22 10:00;;COSCO BRASIL S/A;EMB;CONTEINERES CHEIOS;286522022;B;EPORT 1/TECON 1;231;10;2700;2807-0
CONTEINERES;MSC BRIANNA;PANAMENHA;Long;18/7/22 1:00;;MSC MEDITERRANEAN SHIPPING DO BRASIL LTDA.;EMB;CONTEINERES CHEIOS;288482022;B;B.T.P. 1;294;12;12600;2794-5
CONTEINERES;CMA CGM FORT ST GEORGES;BRASILEIRA;Long;18/7/22 8:00;;LACHMANN AGENCIA MARITIMA LTDA;EMB;CONTEINERES CHEIOS;269372022;B;TECON;197;9;3600;2619-9
CONTEINERES;MAERSK LOTA;SINGAPURENSE;Long;18/7/22 8:00;;LACHMANN AGENCIA MARITIMA LTDA;EMB;CONTEINERES CHEIOS;252302022;B;B.T.P. 1;300;9;1800;2707-5
CONTEINERES;MARIANETTA;LIBERIANA;Long;18/7/22 10:00;;ROCHAMAR AGENCIA MARITIMA S/A;EMB;CONTEINERES CHEIOS;281092022;B;TECON;286;10;12834;2728-2
CONTEINERES;LOG-IN ENDURANCE;BRASILEIRA;Long;18/7/22 12:00;;AGÊNCIA MARÍTIMA ORION;EMB;CONTEINERES CHEIOS;240092022;B;EPORT 1/TECON 1;213;9;3150;2307-7
CONTEINERES;SEASPAN OSPREY;HONG KONG;Long;19/7/22 3:00;;OCEAN NETWORK EXPRESS (LATIN AMERICA) AGENCIA MARITIMA LTDA;EMB;CONTEINERES CHEIOS;257902022;B;B.T.P. 1;330;11.2;1530;2458-5
CONTEINERES;LOG-IN JACARANDA;BRASILEIRA;Long;19/7/22 5:00;;AGÊNCIA MARÍTIMA ORION;EMB;CONTEINERES CHEIOS;240112022;B;EPORT 1/TECON 1;218;9;3150;2304-8
CONTEINERES;LOG-IN DISCOVERY;LIBERIANA;Long;19/7/22 9:00;;AGÊNCIA MARÍTIMA ORION;EMB;CONTEINERES CHEIOS;296372022;B;EPORT 1/TECON 1;209;7;3150;2873-2
CONTEINERES;MERCOSUL SUAPE;BRASILEIRA;Cabo;19/7/22 18:30;;LACHMANN AGENCIA MARITIMA LTDA;EMB;CONTEINERES CHEIOS;269452022;B;EPORT 1/TECON 1;211;9;1800;2776-7
CONTEINERES;LOG-IN DISCOVERY;LIBERIANA;Long;19/7/22 21:00;;OCEAN NETWORK EXPRESS (LATIN AMERICA) AGENCIA MARITIMA LTDA;EMB;CONTEINERES CHEIOS;259102022;B;B.T.P. 1;209;9;1530;2511-3
CONTEINERES;HYUNDAI GRACE;ILHAS MARSHALL;Long;19/7/22 22:00;;UNIMAR AGENCIAMENTOS MARITIMOS LTDA;EMB;CONTEINERES CHEIOS;291672022;B;EPORT 1/TECON 1;294;11.5;5400;2852-5
CONTEINERES;MONTE OLIVIA;SINGAPURENSE;Long;20/7/22 8:00;;LACHMANN AGENCIA MARITIMA LTDA;EMB;CONTEINERES CHEIOS;252612022;B;TECON;272;9;1800;2674-0
CONTEINERES;LOG-IN PANTANAL;BRASILEIRA;Cabo;20/7/22 12:00;;AGÊNCIA MARÍTIMA ORION;EMB;CONTEINERES CHEIOS;240142022;B;EPORT 1/TECON 1;183;9;3600;2319-5
CONTEINERES;CAP SAN ARTEMISSIO;PANAMENHA;Long;21/7/22 3:00;;LACHMANN AGENCIA MARITIMA LTDA;EMB;CONTEINERES CHEIOS;251792022;B;TECON;333;9;1800;2684-5
CONTEINERES;AMERICO VESPUCIO;BRASILEIRA;Cabo;21/7/22 4:00;;LACHMANN AGENCIA MARITIMA LTDA;EMB;CONTEINERES CHEIOS;267752022;B;TECON;228;9;1800;2660-9
CONTEINERES;MONTE SARMIENTO;BRASILEIRA;Cabo;21/7/22 4:00;;LACHMANN AGENCIA MARITIMA LTDA;EMB;CONTEINERES CHEIOS;267462022;B;TECON;272;9;1800;2659--
CONTEINERES;TENO;LIBERIANA;Long;21/7/22 5:00;;ROCHAMAR AGENCIA MARITIMA S/A;EMB;CONTEINERES CHEIOS;289842022;B;B.T.P. 1;300;7;108;2814-6
CONTEINERES;SAN CLEMENTE;SINGAPURENSE;Long;21/7/22 8:00;;LACHMANN AGENCIA MARITIMA LTDA;EMB;CONTEINERES CHEIOS;252962022;B;B.T.P. 1;300;9;1800;2702-3
CONTEINERES;CMA CGM ARISTOTE;BRASILEIRA;Cabo;21/7/22 9:00;;LACHMANN AGENCIA MARITIMA LTDA;EMB;CONSUMO DE BORDO;293972022;B;EPORT 1/TECON 1;170;9;300;2902-2
CONTEINERES;POLONIA;LIBERIANA;Long;21/7/22 10:00;;ROCHAMAR AGENCIA MARITIMA S/A;EMB;CONTEINERES CHEIOS;289382022;B;TECON;221;7;4536;2810--
CONTEINERES;MAERSK LAVRAS;HONG KONG;Long;21/7/22 17:00;;LACHMANN AGENCIA MARITIMA LTDA;EMB;CONTEINERES CHEIOS;252092022;B;TECON;300;9;1800;2690-5
CONTEINERES;CAP SAN RAPHAEL;DINAMARQUESA;Long;22/7/22 2:00;;LACHMANN AGENCIA MARITIMA LTDA;EMB;CONTEINERES CHEIOS;251882022;B;TECON;333;9;1800;2676-2
CONTEINERES;NAVEGANTES EXPRESS;SINGAPURENSE;Long;22/7/22 5:00;;ROCHAMAR AGENCIA MARITIMA S/A;EMB;CONTEINERES CHEIOS;289862022;B;B.T.P. 1;330;7;21852;2812-3
CONTEINERES;MONTE ACONCAGUA;SINGAPURENSE;Long;22/7/22 8:00;;LACHMANN AGENCIA MARITIMA LTDA;EMB;CONTEINERES CHEIOS;252412022;B;B.T.P. 1;272;9;1800;2704-6
CONTEINERES;BARTOLOMEU DIAS;BRASILEIRA;Cabo;23/7/22 2:00;;LACHMANN AGENCIA MARITIMA LTDA;EMB;CONTEINERES CHEIOS;273672022;B;B.T.P. / TECON;255;9;3600;2658-4
CONTEINERES;ATACAMA;LIBERIANA;Long;23/7/22 8:00;;LACHMANN AGENCIA MARITIMA LTDA;EMB;CONTEINERES CHEIOS;251782022;B;B.T.P. 1;300;9;1800;2701-7
CONTEINERES;NYK DIANA;PANAMENHA;Long;23/7/22 12:00;;OCEAN NETWORK EXPRESS (LATIN AMERICA) AGENCIA MARITIMA LTDA;EMB;CONTEINERES CHEIOS;251132022;B;EPORT 1/TECON 1;294;10;1530;2415-4
CONTEINERES;MSC BOSPHORUS;CIPRIOTA;Long;23/7/22 21:00;;MSC MEDITERRANEAN SHIPPING DO BRASIL LTDA.;EMB;CONTEINERES CHEIOS;301122022;B;B.T.P. 1;230;10.7;1800;2893-3
CONTEINERES;MONTE CERVANTES;SINGAPURENSE;Long;24/7/22 2:00;;LACHMANN AGENCIA MARITIMA LTDA;EMB;CONTEINERES CHEIOS;252522022;B;TECON;272;9;1800;2689-7
CONTEINERES;MERCOSUL GUARANI;BRASILEIRA;Long;25/7/22 20:00;;LACHMANN AGENCIA MARITIMA LTDA;EMB;CONTEINERES CHEIOS;284322022;B;EPORT 1/TECON 1;207;9;1800;2779-6
CONTEINERES;LOG-IN JATOBÁ;BRASILEIRA;Long;26/7/22 5:00;;AGÊNCIA MARÍTIMA ORION;EMB;CONTEINERES CHEIOS;240192022;B;EPORT 1/TECON 1;218;9;6750;2305-4
CONTEINERES;PARANAGUA EXPRESS;SINGAPURENSE;Long;26/7/22 10:00;;ROCHAMAR AGENCIA MARITIMA S/A;EMB;CONTEINERES CHEIOS;289412022;B;B.T.P. 1;330;10;360;2813-0
CONTEINERES;LOG-IN POLARIS;BRASILEIRA;Cabo;26/7/22 12:00;;AGÊNCIA MARÍTIMA ORION;EMB;CONTEINERES CHEIOS;240202022;B;EPORT 1/TECON 1;186;9;3150;2300-2
CONTEINERES;KOTA CANTIK;SINGAPURENSE;Long;26/7/22 22:00;;UNIMAR AGENCIAMENTOS MARITIMOS LTDA;EMB;CONTEINERES VAZIOS;293272022;B;TECON;301;12;300;2837-6
CONTEINERES;CONSTANTIA;LIBERIANA;Long;27/7/22 5:00;;ROCHAMAR AGENCIA MARITIMA S/A;EMB;CONTEINERES CHEIOS;290542022;B;EPORT 1/TECON 1;260;7;1620;2845-9
CONTEINERES;SUAPE EXPRESS;LIBERIANA;Long;27/7/22 5:00;;ROCHAMAR AGENCIA MARITIMA S/A;EMB;CONTEINERES CHEIOS;289832022;B;EPORT 1/TECON 1;293;7;18666;2808-6
CONTEINERES;MONTE ALEGRE;SINGAPURENSE;Long;27/7/22 8:00;;LACHMANN AGENCIA MARITIMA LTDA;EMB;CONTEINERES CHEIOS;252502022;B;TECON;272;9;1800;2673-3
CONTEINERES;AL SAFAT;LIBERIANA;Long;27/7/22 10:00;;ROCHAMAR AGENCIA MARITIMA S/A;EMB;CONTEINERES CHEIOS;294462022;B;TECON;306;7;2106;2854-8
CONTEINERES;LOG-IN PANTANAL;BRASILEIRA;Cabo;27/7/22 12:00;;AGÊNCIA MARÍTIMA ORION;EMB;CONTEINERES CHEIOS;240232022;B;EPORT 1/TECON 1;183;9;3600;2318-9
CONTEINERES;MONTE ACONCAGUA;SINGAPURENSE;Long;27/7/22 19:00;;LACHMANN AGENCIA MARITIMA LTDA;EMB;CONTEINERES CHEIOS;252452022;B;B.T.P. 1;272;9;1800;2703-0
CONTEINERES;CAP SAN MARCO;DINAMARQUESA;Long;28/7/22 3:00;;LACHMANN AGENCIA MARITIMA LTDA;EMB;CONTEINERES CHEIOS;251822022;B;TECON;333;9;1800;2692-8
CONTEINERES;AMERICO VESPUCIO;BRASILEIRA;Cabo;28/7/22 4:00;;LACHMANN AGENCIA MARITIMA LTDA;EMB;CONTEINERES CHEIOS;274852022;B;TECON;228;9;1800;2681-6
CONTEINERES;FERNÃO DE MAGALHÃES;BRASILEIRA;Cabo;28/7/22 4:00;;LACHMANN AGENCIA MARITIMA LTDA;EMB;CONTEINERES CHEIOS;267432022;B;TECON;228;9;1800;2678-5
CONTEINERES;UASC ZAMZAM;DINAMARQUESA;Long;28/7/22 5:00;;ROCHAMAR AGENCIA MARITIMA S/A;EMB;CONTEINERES CHEIOS;289872022;B;B.T.P. 1;300;7;17370;2831-8
CONTEINERES;CMA CGM PUERTO ANTIOQUIA;LIBERIANA;Long;28/7/22 9:00;;LACHMANN AGENCIA MARITIMA LTDA;EMB;CONTEINERES CHEIOS;253852022;B;EPORT 1/TECON 1;211;9;1800;2515-9
CONTEINERES;MAERSK LETICIA;HONG KONG;Long;28/7/22 17:00;;LACHMANN AGENCIA MARITIMA LTDA;EMB;CONTEINERES CHEIOS;252202022;B;TECON;300;9;1800;2694--
CONTEINERES;CAP SAN LORENZO;DINAMARQUESA;Long;29/7/22 2:00;;LACHMANN AGENCIA MARITIMA LTDA;EMB;CONTEINERES CHEIOS;278522022;B;TECON;333;9;1800;2675-6
CONTEINERES;MAERSK LIMA;HONG KONG;Long;30/7/22 8:00;;LACHMANN AGENCIA MARITIMA LTDA;EMB;CONTEINERES CHEIOS;252282022;B;B.T.P. 1;300;9;1800;2705-2
CONTEINERES;NYK DIANA;PANAMENHA;Long;30/7/22 19:00;;OCEAN NETWORK EXPRESS (LATIN AMERICA) AGENCIA MARITIMA LTDA;EMB;CONTEINERES CHEIOS;258892022;B;EPORT 1/TECON 1;294;13.4;15300;2470-5
CONTEINERES;CMA CGM VERACRUZ;MALTESA;Long;31/7/22 20:00;;LACHMANN AGENCIA MARITIMA LTDA;EMB;CONTEINERES CHEIOS;253882022;B;EPORT 1/TECON 1;229;9;1800;2518-8
CONTEINERES;SEASPAN HARRIER;HONG KONG;Long;31/7/22 21:00;;OCEAN NETWORK EXPRESS (LATIN AMERICA) AGENCIA MARITIMA LTDA;EMB;CONTEINERES CHEIOS;282102022;B;B.T.P. 1;330;11.5;1530;2748-3
CONTEINERES;TENO;LIBERIANA;Long;1/8/22 10:00;;ROCHAMAR AGENCIA MARITIMA S/A;EMB;CONTEINERES CHEIOS;300172022;B;B.T.P. 1;300;7;26298;2891--
CONTEINERES;LOG-IN DISCOVERY;LIBERIANA;Long;1/8/22 12:00;;AGÊNCIA MARÍTIMA ORION;EMB;CONTEINERES CHEIOS;300562022;B;EPORT 1/TECON 1;209;9;3150;2908--
CONTEINERES;LOG-IN ENDURANCE;BRASILEIRA;Cabo;2/8/22 5:00;;AGÊNCIA MARÍTIMA ORION;EMB;CONTEINERES CHEIOS;240252022;B;EPORT 1/TECON 1;213;9;3150;2306--
CONTEINERES;MEHUIN;LIBERIANA;Long;2/8/22 10:00;;ROCHAMAR AGENCIA MARITIMA S/A;EMB;CONTEINERES CHEIOS;295882022;B;B.T.P. 1;306;10;1080;2881-5
CONTEINERES;LOG-IN PANTANAL;BRASILEIRA;Cabo;3/8/22 12:00;;AGÊNCIA MARÍTIMA ORION;EMB;CONTEINERES CHEIOS;300592022;B;EPORT 1/TECON 1;183;9;3600;2913-4
CONTEINERES;FERNÃO DE MAGALHÃES;BRASILEIRA;Cabo;4/8/22 4:00;;LACHMANN AGENCIA MARITIMA LTDA;EMB;CONTEINERES CHEIOS;274912022;B;TECON;228;9;1800;2682-2
CONTEINERES;MONTE SARMIENTO;BRASILEIRA;Cabo;4/8/22 4:00;;LACHMANN AGENCIA MARITIMA LTDA;EMB;CONTEINERES CHEIOS;267582022;B;TECON;272;9;1800;2696-3
CONTEINERES;NORTHERN DEMOCRAT;LIBERIANA;Long;4/8/22 5:00;;ROCHAMAR AGENCIA MARITIMA S/A;EMB;CONTEINERES CHEIOS;291942022;B;EPORT 1/TECON 1;231;7;4536;2846-5
CONTEINERES;CMA CGM VERACRUZ;MALTESA;Long;4/8/22 20:00;;LACHMANN AGENCIA MARITIMA LTDA;EMB;CONTEINERES CHEIOS;253912022;B;EPORT 1/TECON 1;229;9;1800;2519-4
CONTEINERES;BALLENITA;ILHAS MARSHALL;Long;5/8/22 2:00;;LACHMANN AGENCIA MARITIMA LTDA;EMB;CONTEINERES CHEIOS;293782022;B;EPORT 1/TECON 1;209;9;1800;2904-5
CONTEINERES;SEASPAN OSPREY;HONG KONG;Long;5/8/22 5:00;;OCEAN NETWORK EXPRESS (LATIN AMERICA) AGENCIA MARITIMA LTDA;EMB;CONTEINERES CHEIOS;281872022;B;B.T.P. 1;330;13.1;15300;2749-0
CONTEINERES;AL SAFAT;LIBERIANA;Long;6/8/22 5:00;;ROCHAMAR AGENCIA MARITIMA S/A;EMB;CONTEINERES CHEIOS;294562022;B;TECON;306;7;16956;2856--
CONTEINERES;ANTOFAGASTA EXPRESS;CHILENA;Long;8/8/22 5:00;;ROCHAMAR AGENCIA MARITIMA S/A;EMB;CONTEINERES CHEIOS;294682022;B;TECON;224;7;12834;2855-4
CONTEINERES;TEMPANOS;LIBERIANA;Long;8/8/22 10:00;;ROCHAMAR AGENCIA MARITIMA S/A;EMB;CONTEINERES CHEIOS;295822022;B;EPORT 1/TECON 1;300;12;1620;2906-8
CONTEINERES;LOG-IN JATOBÁ;BRASILEIRA;Long;8/8/22 12:00;;AGÊNCIA MARÍTIMA ORION;EMB;CONTEINERES CHEIOS;300612022;B;EPORT 1/TECON 1;218;9;3150;2911-1
CONTEINERES;DIMITRIS C;MALTESA;Long;8/8/22 17:00;;LACHMANN AGENCIA MARITIMA LTDA;EMB;CONTEINERES CHEIOS;293372022;B;EPORT 1/TECON 1;243;9;1800;2875-5
CONTEINERES;MERCOSUL GUARANI;BRASILEIRA;Long;9/8/22 10:00;;LACHMANN AGENCIA MARITIMA LTDA;EMB;CONTEINERES CHEIOS;284472022;B;EPORT 1/TECON 1;207;9;1800;2777-3
CONTEINERES;LOG-IN PANTANAL;BRASILEIRA;Cabo;10/8/22 12:00;;AGÊNCIA MARÍTIMA ORION;EMB;CONTEINERES CHEIOS;300632022;B;EPORT 1/TECON 1;183;9;3600;2915-7
CONTEINERES;AMERICO VESPUCIO;BRASILEIRA;Cabo;11/8/22 4:00;;LACHMANN AGENCIA MARITIMA LTDA;EMB;CONTEINERES CHEIOS;274892022;B;TECON;228;9;1800;2683-9
CONTEINERES;MONTE SARMIENTO;BRASILEIRA;Cabo;11/8/22 4:00;;LACHMANN AGENCIA MARITIMA LTDA;EMB;CONTEINERES CHEIOS;274982022;B;TECON;272;9;1800;2679-1
CONTEINERES;COSCO SHIPPING THAMES;HONG KONG;Long;11/8/22 10:00;;COSCO BRASIL S/A;EMB;CONTEINERES CHEIOS;288822022;B;EPORT 1/TECON 1;300;10.8;2700;2809-2
CONTEINERES;LOG-IN ENDURANCE;BRASILEIRA;Long;15/8/22 12:00;;AGÊNCIA MARÍTIMA ORION;EMB;CONTEINERES CHEIOS;300642022;B;EPORT 1/TECON 1;213;9;3150;2912-8
CONTEINERES;LOG-IN DISCOVERY;LIBERIANA;Long;16/8/22 5:00;;AGÊNCIA MARÍTIMA ORION;EMB;CONTEINERES CHEIOS;300652022;B;EPORT 1/TECON 1;209;9;3150;2910-5
CONTEINERES;MERCOSUL SUAPE;BRASILEIRA;Cabo;17/8/22 1:00;;LACHMANN AGENCIA MARITIMA LTDA;EMB;CONTEINERES CHEIOS;296982022;B;EPORT 1/TECON 1;211;9;1800;2900-0
CONTEINERES;LOG-IN PANTANAL;BRASILEIRA;Cabo;17/8/22 12:00;;AGÊNCIA MARÍTIMA ORION;EMB;CONTEINERES CHEIOS;300672022;B;EPORT 1/TECON 1;183;9;3600;2914--
CONTEINERES;FERNÃO DE MAGALHÃES;BRASILEIRA;Cabo;18/8/22 4:00;;LACHMANN AGENCIA MARITIMA LTDA;EMB;CONTEINERES CHEIOS;274962022;B;TECON;228;9;1800;2680-0
CONTEINERES;SEASPAN HARRIER;HONG KONG;Long;19/8/22 5:00;;OCEAN NETWORK EXPRESS (LATIN AMERICA) AGENCIA MARITIMA LTDA;EMB;CONTEINERES CHEIOS;294022022;B;B.T.P. 1;330;14.4;15300;2841-3
CONTEINERES;LUTETIA;LIBERIANA;Long;19/8/22 7:00;;LACHMANN AGENCIA MARITIMA LTDA;EMB;CONTEINERES CHEIOS;293482022;B;EPORT 1/TECON 1;221;9;1800;2874-9
CONTEINERES;LUTETIA;LIBERIANA;Long;22/8/22 13:00;;LACHMANN AGENCIA MARITIMA LTDA;EMB;CONTEINERES CHEIOS;293552022;B;EPORT 1/TECON 1;221;9;1800;2876-1
CONTEINERES;MERCOSUL GUARANI;BRASILEIRA;Long;22/8/22 20:00;;LACHMANN AGENCIA MARITIMA LTDA;EMB;CONTEINERES CHEIOS;297152022;B;EPORT 1/TECON 1;207;9;1800;2901-6
CONTEINERES;LOG-IN JATOBÁ;BRASILEIRA;Long;23/8/22 5:00;;AGÊNCIA MARÍTIMA ORION;EMB;CONTEINERES CHEIOS;300702022;B;EPORT 1/TECON 1;218;9;3150;2899-1
CONTEINERES;ANTHEA Y;LIBERIANA;Long;25/8/22 0:01;;COSCO BRASIL S/A;EMB;CONTEINERES VAZIOS;288932022;B;EPORT 1/TECON 1;300;10.8;450;2847-1
CONTEINERES;MONTE SARMIENTO;BRASILEIRA;Cabo;25/8/22 4:00;;LACHMANN AGENCIA MARITIMA LTDA;EMB;CONTEINERES CHEIOS;275262022;B;TECON;272;9;1800;2697-0
CONTEINERES;CMA CGM ARISTOTE;BRASILEIRA;Cabo;25/8/22 9:00;;LACHMANN AGENCIA MARITIMA LTDA;EMB;CONTEINERES CHEIOS;294012022;B;EPORT 1/TECON 1;170;9;1800;2903-9
CONTEINERES;LOG-IN ENDURANCE;BRASILEIRA;Long;30/8/22 5:00;;AGÊNCIA MARÍTIMA ORION;EMB;CONTEINERES CHEIOS;300732022;B;EPORT 1/TECON 1;213;9;3150;2905-1
PRIORIDADE C3;SIFNOS;LIBERIANA;Long;4/7/22 21:12;2607-7;AGÊNCIA MARÍTIMA ORION;EMB;ACUCAR;281522022;C3;ULTRAFERTIL;190;12;42100;2738-8
PRIORIDADE C3;UAL AFRICA;HOLANDESA;Long;8/7/22 7:10;2658-1;ROCHAMAR AGENCIA MARITIMA S/A;EMB;CAFE;281812022;C3;30/31;119;6.5;4000;2774-4
PRIORIDADE C3;ALPHA DELPHINI;BRASILEIRA;Cabo;12/7/22 0:00;;USP INSTITUTO OCEANOGRAFICO;;;103292022;C3;12A-13/14-20/21;26;2.3;;0969-2
PRIORIDADE C3;GENCO BRITTANY;ILHAS MARSHALL;Long;16/7/22 7:00;;AGÊNCIA MARÍTIMA ORION;EMB;ACUCAR;291312022;C3;ULTRAFERTIL;190;7;46360;2860-8
PRIORIDADE C5;BERGE PHAN XI PANG;ILHA DE MAN;Long;12/4/22 8:00;1391-9;WILSON SONS S/A - COMERCIO, INDUSTRIA E AGENCIA DE NAVEGACAO;EMB;OUTROS;150942022;C5;CODESP-RUA;180;7;1;1458-1
PRIORIDADE C5;COSCO SHIPPING JIN XIU;CHINESA;Long;12/7/22 0:00;;ISS MARINE SERVICES LTDA.;EMB;PAPEL E CELULOSE;271932022;C5;EPORT 1/TECON 1;202;11;18600;2737-1
PRIORIDADE C5;SAVEIROS GAIVOTA;BRASILEIRA;Long;12/7/22 0:00;;WILSON SONS S/A - COMERCIO, INDUSTRIA E AGENCIA DE NAVEGACAO;EMB;OUTROS;223292022;C5;SAIPEN;62;4;10;2089-0
SEM PRIORIDADE;VOLZEE;BRASILEIRA;Long;26/5/22 19:00;2023--;UNIMAR AGENCIAMENTOS MARITIMOS LTDA;EMB;CARGA GERAL;227702022;B;CODESP-RUA;58;3.4;1;2170-1
SEM PRIORIDADE;CLIPPER LIS;ILHAS MARSHALL;Long;15/6/22 18:55;2315-9;WAYPOINT AGENCIA MARITIMA LTDA;EMB;CARGA GERAL;258022022;B;CAIS SABOO;169;7;100;2456-2
SEM PRIORIDADE;CHARBEL;SAO-VICENTINA;Long;1/7/22 12:12;2563-1;WILLIAMS SERVICOS MARITIMOS LTDA.;EMB;CARGA GERAL;281712022;B;32;172;8.1;25000;2744-8
SEM PRIORIDADE;HAFNIA AMETRINE;ILHAS MARSHALL;Long;12/7/22 0:00;;AGÊNCIA MARÍTIMA ORION;DESC;FERTILIZANTES;269752022;B;ILHA;184;9;17956;2589-2
SEM PRIORIDADE;HORIZON ELECTRA;ILHAS MARSHALL;Cabo;12/7/22 0:00;;ISS MARINE SERVICES LTDA.;EMB;CONSUMO DE BORDO;274632022;SP;23;183;6.6;21;2625-9
SEM PRIORIDADE;REB. VIGO MAXIMUS;BRASILEIRA;Long;12/7/22 0:00;;UNIMAR AGENCIAMENTOS MARITIMOS LTDA;EMB;CARGA GERAL;124832022;B;CODESP-RUA;20;2.5;1;1169-0
SEM PRIORIDADE;TS 3;BRASILEIRA;Long;12/7/22 0:00;;UNIMAR AGENCIAMENTOS MARITIMOS LTDA;EMB;CARGA GERAL;240462022;B;CODESP-RUA;75;1.8;1;2302-5
SEM PRIORIDADE;GREAT ZHOU;PANAMENHA;Long;13/7/22 19:00;;WILSON SONS S/A - COMERCIO, INDUSTRIA E AGENCIA DE NAVEGACAO;EMB;PAPEL E CELULOSE;301992022;B;35/37;200;7;2000;2920--
SEM PRIORIDADE;CAPE TRAFALGAR;PANAMENHA;Cabo;14/7/22 5:00;;AGÊNCIA MARÍTIMA ORION;DESC;PRODUTOS SIDERURGICOS;289282022;B;USIMINAS;190;7;31896;2817-5
SEM PRIORIDADE;HERAKLITOS;PANAMENHA;Cabo;22/7/22 9:00;;WILSON SONS S/A - COMERCIO, INDUSTRIA E AGENCIA DE NAVEGACAO;DESC;PRODUTOS SIDERURGICOS;289592022;B;USIMINAS;178;8;30000;2815-2